[
  {
    "id": 3661,
    "favourite": false,
    "datetime": "2020-01-04T21:03:01.000Z",
    "jobId": 251,
    "applicantId": 961,
    "rejected": false,
    "createdOn": "2020-01-04T21:03:01.000Z",
    "totalExperience": "2",
    "applicant": {
      "id": 961,
      "firstName": "Abdul Wahab",
      "lastName": "Kanu",
      "description": "{\"description\":\"\",\"education\":\"Degree in Human Resource Management \",\"location\":{\"type\":\"Point\",\"coordinates\":[27.9360058,-82.45923979999999]}}",
      "s3_img": "https://onejob-images.s3.eu-west-3.amazonaws.com/applicants/961.jpg",
      "genderId": 1,
      "cityId": -1,
      "nationalityId": null,
      "user": {
        "email": "abdulwahabkanu@gmail.com"
      },
      "city": null,
      "workExperiences": [
        {
          "id": 788,
          "company": "ISHMARRIE Enterprise",
          "years": 2,
          "applicantId": 961,
          "jobRoleId": 15,
          "jobTitleId": null,
          "jobRole": {
            "id": 15,
            "iconUrl": "https://onejob-images.s3.eu-west-3.amazonaws.com/icons/store-manager.png",
            "value": "Store manager",
            "order": 5
          }
        }
      ],
      "languages": [
        {
          "id": 28,
          "value": "English",
          "order": 20,
          "ApplicantLanguages": {
            "applicantId": 961,
            "languageId": 28
          }
        }
      ]
    },
    "starsTransacations": [
      {
        "id": 26,
        "datetimeCreated": "2020-01-07T05:14:10.000Z",
        "businessId": 246,
        "jobId": 251,
        "applicantId": 961
      }
    ]
  },
  {
    "id": 3515,
    "favourite": false,
    "datetime": "2019-12-31T20:25:21.000Z",
    "jobId": 251,
    "applicantId": 945,
    "rejected": false,
    "createdOn": "2019-12-31T20:25:21.000Z",
    "totalExperience": null,
    "applicant": {
      "id": 945,
      "firstName": "Biswajit",
      "lastName": "Lenka",
      "description": "{\"description\":null,\"education\":\"Graduated \",\"location\":{\"type\":\"Point\",\"coordinates\":[20.462521,85.8829895]}}",
      "s3_img": null,
      "genderId": 1,
      "cityId": -1,
      "nationalityId": 82,
      "user": {
        "email": "lenkad91@gmail.com"
      },
      "city": null,
      "workExperiences": [],
      "languages": [
        {
          "id": 28,
          "value": "English",
          "order": 20,
          "ApplicantLanguages": {
            "applicantId": 945,
            "languageId": 28
          }
        },
        {
          "id": 76,
          "value": "Hindi",
          "order": 23,
          "ApplicantLanguages": {
            "applicantId": 945,
            "languageId": 76
          }
        },
        {
          "id": 117,
          "value": "Oriya",
          "order": 1800,
          "ApplicantLanguages": {
            "applicantId": 945,
            "languageId": 117
          }
        }
      ]
    },
    "starsTransacations": [
      {
        "id": 24,
        "datetimeCreated": "2020-01-05T23:35:34.000Z",
        "businessId": 246,
        "jobId": 251,
        "applicantId": 945
      },
      {
        "id": 38,
        "datetimeCreated": "2020-01-16T08:24:50.000Z",
        "businessId": 246,
        "jobId": null,
        "applicantId": 945
      }
    ]
  },
  {
    "id": 3448,
    "favourite": false,
    "datetime": "2019-12-29T14:07:59.000Z",
    "jobId": 251,
    "applicantId": 934,
    "rejected": false,
    "createdOn": "2019-12-29T14:07:59.000Z",
    "totalExperience": "11",
    "applicant": {
      "id": 934,
      "firstName": "Georges",
      "lastName": "Aldraiai",
      "description": "{\"description\":\"To implement the knowledge that I have acquired from my field of expertise and to pursue a career path geared toward the company and personal success. To enhance more my skills and to gain more knowledge in the field of your company\",\"education\":\"Tertiary         : University of albaath Hotel Management  (Management) 2008\\r\\nSecondary      : Bassam Alhanna High School 2001 - 2006             \\r\\n\",\"location\":{\"type\":\"Point\",\"coordinates\":[23.424076,53.847818]}}",
      "s3_img": null,
      "genderId": 1,
      "cityId": 6,
      "nationalityId": 179,
      "user": {
        "email": "georges.aldraiai@gmail.com"
      },
      "city": {
        "value": "Abu Dhabi"
      },
      "workExperiences": [
        {
          "id": 737,
          "company": "One cliuqe restaurant",
          "years": 2,
          "applicantId": 934,
          "jobRoleId": 15,
          "jobTitleId": null,
          "jobRole": {
            "id": 15,
            "iconUrl": "https://onejob-images.s3.eu-west-3.amazonaws.com/icons/store-manager.png",
            "value": "Store manager",
            "order": 5
          }
        },
        {
          "id": 738,
          "company": "Capricci",
          "years": 4,
          "applicantId": 934,
          "jobRoleId": 15,
          "jobTitleId": null,
          "jobRole": {
            "id": 15,
            "iconUrl": "https://onejob-images.s3.eu-west-3.amazonaws.com/icons/store-manager.png",
            "value": "Store manager",
            "order": 5
          }
        },
        {
          "id": 739,
          "company": "Nando’s",
          "years": 3,
          "applicantId": 934,
          "jobRoleId": 15,
          "jobTitleId": null,
          "jobRole": {
            "id": 15,
            "iconUrl": "https://onejob-images.s3.eu-west-3.amazonaws.com/icons/store-manager.png",
            "value": "Store manager",
            "order": 5
          }
        },
        {
          "id": 740,
          "company": "Zaatar w Zeit",
          "years": 2,
          "applicantId": 934,
          "jobRoleId": 15,
          "jobTitleId": null,
          "jobRole": {
            "id": 15,
            "iconUrl": "https://onejob-images.s3.eu-west-3.amazonaws.com/icons/store-manager.png",
            "value": "Store manager",
            "order": 5
          }
        }
      ],
      "languages": [
        {
          "id": 28,
          "value": "English",
          "order": 20,
          "ApplicantLanguages": {
            "applicantId": 934,
            "languageId": 28
          }
        },
        {
          "id": 35,
          "value": "Arabic",
          "order": 21,
          "ApplicantLanguages": {
            "applicantId": 934,
            "languageId": 35
          }
        }
      ]
    },
    "starsTransacations": [
      {
        "id": 27,
        "datetimeCreated": "2020-01-07T05:16:49.000Z",
        "businessId": 246,
        "jobId": 251,
        "applicantId": 934
      }
    ]
  },
  {
    "id": 2721,
    "favourite": false,
    "datetime": "2019-12-18T09:42:25.000Z",
    "jobId": 251,
    "applicantId": 729,
    "rejected": false,
    "createdOn": "2019-12-18T09:42:25.000Z",
    "totalExperience": null,
    "applicant": {
      "id": 729,
      "firstName": "Shreyas",
      "lastName": "S Babu",
      "description": "{\"description\":\"Respected Sir/Madam\\n\\n\\n  I am shreyas s Babu., hailing from Kasaragod, Kerala, India.\\n\\nI completed my post-graduation from Bharathiar University in LOGISTICS and HR\\n\\nI have pleasure in attaching herewith a copy of my C.V, which is self-explanatory, with your esteemed institution.\\n\\nI am looking for a larger professional horizon and would appreciate you browsing through my C.V and thus paving way for a personal interaction at your earliest convenience.I would considered it a privilege to if an opportunity is granted to me against a suitable opening that matches my expenses and expertise and/or forward my resume to the Concerned person/department\\n\\n\\nThank you so much\\n\\nRespectfully yours\\n\\nShreyas S Babu\",\"education\":\"My self shreyas S Babu completed masters degree ( MBA) and specialised in HR and logistics.i am having experience as a marketing coordinator at honda cars and also at shriram finance as sales coordinator. \",\"location\":{\"type\":\"Point\",\"coordinates\":[25.2489204,55.30605509999999]}}",
      "s3_img": null,
      "genderId": 1,
      "cityId": 4,
      "nationalityId": 82,
      "user": {
        "email": "shreyas.s194@gmail.com"
      },
      "city": {
        "value": "Dubai"
      },
      "workExperiences": [],
      "languages": [
        {
          "id": 28,
          "value": "English",
          "order": 20,
          "ApplicantLanguages": {
            "applicantId": 729,
            "languageId": 28
          }
        },
        {
          "id": 105,
          "value": "Malayalam",
          "order": 28,
          "ApplicantLanguages": {
            "applicantId": 729,
            "languageId": 105
          }
        },
        {
          "id": 143,
          "value": "Tamil",
          "order": 26,
          "ApplicantLanguages": {
            "applicantId": 729,
            "languageId": 143
          }
        }
      ]
    },
    "starsTransacations": [
      {
        "id": 15,
        "datetimeCreated": "2019-12-18T14:11:08.000Z",
        "businessId": 246,
        "jobId": 251,
        "applicantId": 729
      }
    ]
  },
  {
    "id": 2526,
    "favourite": false,
    "datetime": "2019-12-15T13:22:33.000Z",
    "jobId": 251,
    "applicantId": 817,
    "rejected": false,
    "createdOn": "2019-12-15T13:22:33.000Z",
    "totalExperience": "2",
    "applicant": {
      "id": 817,
      "firstName": "sumit",
      "lastName": "dumra",
      "description": "{\"description\":\"I am smart working and passionate towards my work.\",\"education\":\"Graduated and music Diploma Piano\",\"location\":{\"type\":\"Point\",\"coordinates\":[28.6139391,77.2090212]}}",
      "s3_img": null,
      "genderId": 1,
      "cityId": -1,
      "nationalityId": 82,
      "user": {
        "email": "sumitdumra07@gmail.com"
      },
      "city": null,
      "workExperiences": [
        {
          "id": 566,
          "company": "Jindal X",
          "years": 2,
          "applicantId": 817,
          "jobRoleId": 15,
          "jobTitleId": null,
          "jobRole": {
            "id": 15,
            "iconUrl": "https://onejob-images.s3.eu-west-3.amazonaws.com/icons/store-manager.png",
            "value": "Store manager",
            "order": 5
          }
        }
      ],
      "languages": [
        {
          "id": 28,
          "value": "English",
          "order": 20,
          "ApplicantLanguages": {
            "applicantId": 817,
            "languageId": 28
          }
        },
        {
          "id": 76,
          "value": "Hindi",
          "order": 23,
          "ApplicantLanguages": {
            "applicantId": 817,
            "languageId": 76
          }
        }
      ]
    },
    "starsTransacations": [
      {
        "id": 20,
        "datetimeCreated": "2019-12-27T12:42:38.000Z",
        "businessId": 246,
        "jobId": 251,
        "applicantId": 817
      }
    ]
  },
  {
    "id": 1974,
    "favourite": false,
    "datetime": "2019-12-04T15:56:38.000Z",
    "jobId": 251,
    "applicantId": 688,
    "rejected": true,
    "createdOn": "2019-12-04T15:56:38.000Z",
    "totalExperience": null,
    "applicant": {
      "id": 688,
      "firstName": "Sayed Zabiullah",
      "lastName": "Sadat",
      "description": "{\"education\":\"Graduated from agriculture faculty \",\"location\":{\"type\":\"Point\",\"coordinates\":[24.453884,54.3773438]}}",
      "s3_img": "https://onejob-images.s3.eu-west-3.amazonaws.com/applicants/688",
      "genderId": 1,
      "cityId": 6,
      "nationalityId": 1,
      "user": {
        "email": "sayedzabi.sadat12@gmail.com"
      },
      "city": {
        "value": "Abu Dhabi"
      },
      "workExperiences": [],
      "languages": [
        {
          "id": 28,
          "value": "English",
          "order": 20,
          "ApplicantLanguages": {
            "applicantId": 688,
            "languageId": 28
          }
        },
        {
          "id": 120,
          "value": "Pashto",
          "order": 1860,
          "ApplicantLanguages": {
            "applicantId": 688,
            "languageId": 120
          }
        },
        {
          "id": 121,
          "value": "Persian",
          "order": 29,
          "ApplicantLanguages": {
            "applicantId": 688,
            "languageId": 121
          }
        }
      ]
    },
    "starsTransacations": []
  },
  {
    "id": 1856,
    "favourite": false,
    "datetime": "2019-12-01T10:10:11.000Z",
    "jobId": 251,
    "applicantId": 702,
    "rejected": false,
    "createdOn": "2019-12-01T10:10:11.000Z",
    "totalExperience": null,
    "applicant": {
      "id": 702,
      "firstName": "Lufung",
      "lastName": "Achille NGONG",
      "description": "{\"education\":[],\"location\":{\"type\":\"Point\",\"coordinates\":[24.4852007,54.3628487]}}",
      "s3_img": null,
      "genderId": 1,
      "cityId": 6,
      "nationalityId": 37,
      "user": {
        "email": "lufungachille@gmail.com"
      },
      "city": {
        "value": "Abu Dhabi"
      },
      "workExperiences": [],
      "languages": [
        {
          "id": 28,
          "value": "English",
          "order": 20,
          "ApplicantLanguages": {
            "applicantId": 702,
            "languageId": 28
          }
        },
        {
          "id": 66,
          "value": "French",
          "order": 780,
          "ApplicantLanguages": {
            "applicantId": 702,
            "languageId": 66
          }
        }
      ]
    },
    "starsTransacations": [
      {
        "id": 25,
        "datetimeCreated": "2020-01-06T11:56:07.000Z",
        "businessId": 246,
        "jobId": 251,
        "applicantId": 702
      }
    ]
  },
  {
    "id": 1450,
    "favourite": false,
    "datetime": "2019-11-21T17:55:42.000Z",
    "jobId": 251,
    "applicantId": 606,
    "rejected": false,
    "createdOn": "2019-11-21T17:55:42.000Z",
    "totalExperience": null,
    "applicant": {
      "id": 606,
      "firstName": "SHARAFUDDIN",
      "lastName": "BIRHAMANI",
      "description": "{\"description\":\"\",\"education\":\"F A\",\"location\":{\"type\":\"Point\",\"coordinates\":[26.65806,67.3711959]}}",
      "s3_img": null,
      "genderId": 1,
      "cityId": -1,
      "nationalityId": 140,
      "user": {
        "email": "balochaliya45@gmail.com"
      },
      "city": null,
      "workExperiences": [],
      "languages": [
        {
          "id": 28,
          "value": "English",
          "order": 20,
          "ApplicantLanguages": {
            "applicantId": 606,
            "languageId": 28
          }
        },
        {
          "id": 35,
          "value": "Arabic",
          "order": 21,
          "ApplicantLanguages": {
            "applicantId": 606,
            "languageId": 35
          }
        },
        {
          "id": 76,
          "value": "Hindi",
          "order": 23,
          "ApplicantLanguages": {
            "applicantId": 606,
            "languageId": 76
          }
        },
        {
          "id": 151,
          "value": "Urdu",
          "order": 24,
          "ApplicantLanguages": {
            "applicantId": 606,
            "languageId": 151
          }
        }
      ]
    },
    "starsTransacations": [
      {
        "id": 14,
        "datetimeCreated": "2019-12-18T13:27:34.000Z",
        "businessId": 246,
        "jobId": 251,
        "applicantId": 606
      }
    ]
  },
  {
    "id": 1240,
    "favourite": false,
    "datetime": "2019-11-19T08:07:33.000Z",
    "jobId": 251,
    "applicantId": 560,
    "rejected": false,
    "createdOn": "2019-11-19T08:07:33.000Z",
    "totalExperience": null,
    "applicant": {
      "id": 560,
      "firstName": "Md",
      "lastName": "Humayun",
      "description": "{\"description\":\"\",\"education\":\"SSC. & HSC.\",\"location\":{\"type\":\"Point\",\"coordinates\":[24.453884,54.3773438]}}",
      "s3_img": "https://onejob-images.s3.eu-west-3.amazonaws.com/applicants/560",
      "genderId": 1,
      "cityId": 6,
      "nationalityId": 20,
      "user": {
        "email": "humayunkhanctg220@gmail.com"
      },
      "city": {
        "value": "Abu Dhabi"
      },
      "workExperiences": [],
      "languages": [
        {
          "id": 28,
          "value": "English",
          "order": 20,
          "ApplicantLanguages": {
            "applicantId": 560,
            "languageId": 28
          }
        },
        {
          "id": 76,
          "value": "Hindi",
          "order": 23,
          "ApplicantLanguages": {
            "applicantId": 560,
            "languageId": 76
          }
        },
        {
          "id": 164,
          "value": "Bengali",
          "order": 25,
          "ApplicantLanguages": {
            "applicantId": 560,
            "languageId": 164
          }
        }
      ]
    },
    "starsTransacations": [
      {
        "id": 22,
        "datetimeCreated": "2019-12-30T04:41:49.000Z",
        "businessId": 246,
        "jobId": 251,
        "applicantId": 560
      }
    ]
  },
  {
    "id": 1221,
    "favourite": false,
    "datetime": "2019-11-19T05:43:58.000Z",
    "jobId": 251,
    "applicantId": 557,
    "rejected": false,
    "createdOn": "2019-11-19T05:43:58.000Z",
    "totalExperience": null,
    "applicant": {
      "id": 557,
      "firstName": "QA!SAR",
      "lastName": "ALI",
      "description": "{\"education\":\"Graduation\",\"location\":{\"type\":\"Point\",\"coordinates\":[24.1301619,55.8023118]}}",
      "s3_img": "https://onejob-images.s3.eu-west-3.amazonaws.com/applicants/557",
      "genderId": 1,
      "cityId": -1,
      "nationalityId": 140,
      "user": {
        "email": "aliqaisar46@gmail.com"
      },
      "city": null,
      "workExperiences": [],
      "languages": [
        {
          "id": 28,
          "value": "English",
          "order": 20,
          "ApplicantLanguages": {
            "applicantId": 557,
            "languageId": 28
          }
        }
      ]
    },
    "starsTransacations": [
      {
        "id": 17,
        "datetimeCreated": "2019-12-18T14:15:12.000Z",
        "businessId": 246,
        "jobId": 251,
        "applicantId": 557
      }
    ]
  },
  {
    "id": 1050,
    "favourite": false,
    "datetime": "2019-11-14T10:00:40.000Z",
    "jobId": 251,
    "applicantId": 388,
    "rejected": false,
    "createdOn": "2019-11-14T10:00:40.000Z",
    "totalExperience": null,
    "applicant": {
      "id": 388,
      "firstName": "Sam",
      "lastName": "Nalma",
      "description": "{\"description\":\"I am very dedicated and ready to give my best.\",\"education\":\"Training for waiter position\",\"location\":{\"type\":\"Point\",\"coordinates\":[25.2048493,55.2707828]}}",
      "s3_img": "https://onejob-images.s3.eu-west-3.amazonaws.com/applicants/388",
      "genderId": 1,
      "cityId": 4,
      "nationalityId": 82,
      "user": {
        "email": "samnah@orange.fr"
      },
      "city": {
        "value": "Dubai"
      },
      "workExperiences": [],
      "languages": [
        {
          "id": 28,
          "value": "English",
          "order": 20,
          "ApplicantLanguages": {
            "applicantId": 388,
            "languageId": 28
          }
        },
        {
          "id": 76,
          "value": "Hindi",
          "order": 23,
          "ApplicantLanguages": {
            "applicantId": 388,
            "languageId": 76
          }
        }
      ]
    },
    "starsTransacations": [
      {
        "id": 33,
        "datetimeCreated": "2020-01-13T08:18:53.000Z",
        "businessId": 246,
        "jobId": 249,
        "applicantId": 388
      }
    ]
  },
  {
    "id": 770,
    "favourite": false,
    "datetime": "2019-11-06T09:59:32.000Z",
    "jobId": 251,
    "applicantId": 408,
    "rejected": false,
    "createdOn": "2019-11-06T09:59:32.000Z",
    "totalExperience": null,
    "applicant": {
      "id": 408,
      "firstName": "Paul Elijah",
      "lastName": "Clemente",
      "description": "{\"education\":\"I graduated Hotel and Restaurant Management in Far Eastern University and i had also diploma of Culinary Art at American Hospitality Academy.\",\"location\":{\"type\":\"Point\",\"coordinates\":[24.465456,54.37614019999999]}}",
      "s3_img": "https://onejob-images.s3.eu-west-3.amazonaws.com/applicants/408",
      "genderId": 1,
      "cityId": 6,
      "nationalityId": 149,
      "user": {
        "email": "nagianje_21@yahoo.com"
      },
      "city": {
        "value": "Abu Dhabi"
      },
      "workExperiences": [],
      "languages": [
        {
          "id": 28,
          "value": "English",
          "order": 20,
          "ApplicantLanguages": {
            "applicantId": 408,
            "languageId": 28
          }
        },
        {
          "id": 141,
          "value": "Tagalog",
          "order": 22,
          "ApplicantLanguages": {
            "applicantId": 408,
            "languageId": 141
          }
        }
      ]
    },
    "starsTransacations": [
      {
        "id": 16,
        "datetimeCreated": "2019-12-18T14:13:22.000Z",
        "businessId": 246,
        "jobId": 251,
        "applicantId": 408
      }
    ]
  }
]