[
  {
    "source": {
      "id": "cnn",
      "name": "CNN"
    },
    "author": "Faith Karimi and Cheri Mossburg, CNN",
    "title": "Questions arise after teen's death was initially linked to coronavirus in California - CNN",
    "description": "California health officials are reevaluating the death of a 17-year-old boy from coronavirus, saying his case is \"complex\" and needs further investigation.",
    "url": "https://www.cnn.com/2020/03/26/health/california-teen-coronavirus-deaths/index.html",
    "urlToImage": "https://cdn.cnn.com/cnnnext/dam/assets/200321230601-41-coronavirus-empty-spaces-super-tease.jpg",
    "publishedAt": "2020-03-26T08:36:21Z",
    "content": null
  },
  {
    "source": {
      "id": "the-washington-post",
      "name": "The Washington Post"
    },
    "author": "Jeff Stein",
    "title": "What’s in the $2.2 trillion coronavirus Senate stimulus package - The Washington Post",
    "description": "",
    "url": "https://www.washingtonpost.com/business/2020/03/26/senate-stimulus-bill-coronavirus-2-trillion-list-what-is-in-it/",
    "urlToImage": "https://www.washingtonpost.com/resizer/rNBU1mBcL7dSH4UeOSexP5MkAYQ=/1440x0/smart/d1i4t8bqe7zgj6.cloudfront.net/03-26-2020/t_e938e0ea9ee74b2fa71081ceabbed0ef_name_Screen_Shot_2020_03_26_at_12_12_42_AM.png",
    "publishedAt": "2020-03-26T05:09:48Z",
    "content": "The legislation takes a multipronged approach to confronting the mounting crisis. It contains a number of measures aimed directly at helping workers, including stimulus checks for millions of Americans, and others to shore up the government safety net, with p… [+10930 chars]"
  },
  {
    "source": {
      "id": null,
      "name": "Nypost.com"
    },
    "author": "Kenneth Garger",
    "title": "US death toll from coronavirus passes 1,000 - New York Post ",
    "description": "Deaths caused by the coronavirus in the US surpassed 1,000 on Wednesday night, according to Johns Hopkins University. The country recorded 1,031 fatalities, up from 827 earlier in the day, accordin…",
    "url": "https://nypost.com/2020/03/26/us-death-toll-from-coronavirus-passes-1000/",
    "urlToImage": "https://thenypost.files.wordpress.com/2020/03/coronavirusny.jpg?quality=90&strip=all&w=1200",
    "publishedAt": "2020-03-26T04:06:20Z",
    "content": "Deaths caused by the coronavirus in the US surpassed 1,000 on Wednesday night, according to Johns Hopkins University.\r\nThe country recorded 1,031 fatalities, up from 827 earlier in the day, according to the universitys coronavirus tracker.\r\nThe US has the thi… [+431 chars]"
  },
  {
    "source": {
      "id": null,
      "name": "Marketwatch.com"
    },
    "author": "Mark DeCambre",
    "title": "The Dow marked its 2nd straight gain — but Thursday jobless claims may pose the stock market’s biggest test amid coronavirus - MarketWatch",
    "description": "All eyes will be on the unemployment benefit number",
    "url": "http://www.marketwatch.com/story/the-dow-marked-its-2nd-straight-gain-but-thursday-jobless-claims-could-be-tape-bomb-for-the-stock-market-2020-03-25",
    "urlToImage": "https://s.marketwatch.com/public/resources/images/MW-HT645_Cautio_ZG_20191018171803.jpg",
    "publishedAt": "2020-03-26T04:03:37Z",
    "content": "Jobless claims havent been a focal point for investors for more than a decade, but market participants will be keenly watching Thursdays figures because they could provide the clearest sign yet of the damage wrought by lockdowns that have swept across much of… [+2390 chars]"
  },
  {
    "source": {
      "id": "cnn",
      "name": "CNN"
    },
    "author": "Katie Lobosco and Tami Luhby, CNN",
    "title": "Senate stimulus deal includes individual checks -- but don't expect the money right away - CNN",
    "description": "Lawmakers struck a $2 trillion stimulus deal early Wednesday that includes sending checks directly to individuals amid the coronavirus crisis -- but it will likely take until at least May before the money goes out.",
    "url": "https://www.cnn.com/2020/03/25/politics/senate-deal-stimulus-checks-coronavirus/index.html",
    "urlToImage": "https://cdn.cnn.com/cnnnext/dam/assets/200324140604-01-mnuchin-capitol-hill-0324-super-tease.jpg",
    "publishedAt": "2020-03-26T01:56:00Z",
    "content": "Washington (CNN)Lawmakers struck a $2 trillion stimulus deal early Wednesday that includes sending checks directly to individuals amid the coronavirus crisis -- but it will likely take until at least May before the money goes out.\r\nPresident Donald Trump and … [+6503 chars]"
  },
  {
    "source": {
      "id": "fox-news",
      "name": "Fox News"
    },
    "author": "Morgan Phillips",
    "title": "Bolsonaro calls Brazilian cities' coronavirus lockdowns a 'crime' - Fox News",
    "description": "Brazil’s President Jair Bolsonaro said local leaders who were locking down cities amid the coronavirus outbreak were committing a “crime.”",
    "url": "https://www.foxnews.com/world/bolsonaro-calls-brazilian-cities-coronavirus-lockdowns-a-crime",
    "urlToImage": "https://static.foxnews.com/foxnews.com/content/uploads/2019/12/AP19338130098256.jpg",
    "publishedAt": "2020-03-25T23:30:42Z",
    "content": "Get all the latest news on coronavirus and more delivered daily to your inbox. Sign up here.\r\nBrazil’s president, Jair Bolsonaro, said local leaders who were locking down cities amid the coronavirus outbreak were committing a “crime.”\r\nLatin America’s largest… [+2696 chars]"
  },
  {
    "source": {
      "id": null,
      "name": "Theguardian.com"
    },
    "author": "Alexandra Villarreal",
    "title": "New York: Cuomo says early signs show coronavirus distancing may be working - The Guardian",
    "description": "Governor says efforts seem to have slowed rate of hospitalization but number of cases still rising and ‘single greatest challenge’ is severe lack of ventilators",
    "url": "https://www.theguardian.com/us-news/2020/mar/25/new-york-andrew-cuomo-coronavirus-cases",
    "urlToImage": "https://i.guim.co.uk/img/media/608d05f90466e92ece02468722d848f1d476d628/0_294_4416_2650/master/4416.jpg?width=1200&height=630&quality=85&auto=format&fit=crop&overlay-align=bottom%2Cleft&overlay-width=100p&overlay-base64=L2ltZy9zdGF0aWMvb3ZlcmxheXMvdGctZGVmYXVsdC5wbmc&enable=upscale&s=6d1959a4fa572a44f5b051b1f218192d",
    "publishedAt": "2020-03-25T22:59:23Z",
    "content": "New Yorks governor, Andrew Cuomo, has said officials are seeing very early signs that physical distancing may be starting to slow the spread of coronavirus in his state, but cautioned that the number of cases is still rising significantly and hospitals would … [+5175 chars]"
  },
  {
    "source": {
      "id": null,
      "name": "Nypost.com"
    },
    "author": "Jorge Fitz-Gibbon",
    "title": "Entire NJ nursing home relocated amid extreme coronavirus outbreak - New York Post ",
    "description": "An entire New Jersey nursing home was packed up and moved to a new facility after a severe outbreak of the coronavirus, according to a report. State health officials said 94 residents at St. Joseph…",
    "url": "https://nypost.com/2020/03/25/entire-nj-nursing-home-relocated-amid-extreme-coronavirus-outbreak/",
    "urlToImage": "https://thenypost.files.wordpress.com/2020/03/st-josephe28099s-senior-nursing-home.jpg?quality=90&strip=all&w=1200",
    "publishedAt": "2020-03-25T22:24:10Z",
    "content": "An entire New Jersey nursing home was packed up and moved to a new facility after a severe outbreak of the coronavirus, according to a report.\r\nState health officials said 94 residents at St. Joseph’s Senior Nursing Home in Woodridge were relocated to a priva… [+1821 chars]"
  },
  {
    "source": {
      "id": null,
      "name": "Nytimes.com"
    },
    "author": "Julia Jacobs",
    "title": "Tony Awards Postponed Amid Coronavirus Crisis - The New York Times",
    "description": "The 74th annual ceremony and television broadcast won’t happen until Broadway reopens. How shows will be eligible remains to be determined.",
    "url": "https://www.nytimes.com/2020/03/25/theater/tony-awards-postponed-coronavirus.html",
    "urlToImage": "https://static01.nyt.com/images/2020/03/25/arts/25virus-tonys-2/25virus-tonys-2-facebookJumbo.jpg",
    "publishedAt": "2020-03-25T20:33:43Z",
    "content": "Broadways biggest night will have to wait.\r\nAmid a total shutdown of Broadway theaters in response to the coronavirus pandemic, the 74th annual Tony Awards, scheduled for June 7, have been postponed until an undecided date.\r\nEarlier this month, the theater in… [+879 chars]"
  },
  {
    "source": {
      "id": null,
      "name": "Nikkei.com"
    },
    "author": "Staff Writer",
    "title": "Apple weighs delaying 5G iPhone launch by months, sources say - Nikkei Asian Review",
    "description": "US tech giant assesses coronavirus impact on global demand",
    "url": "https://asia.nikkei.com/Spotlight/Coronavirus/Apple-weighs-delaying-5G-iPhone-launch-by-months-sources-say",
    "urlToImage": "https://www.ft.com/__origami/service/image/v2/images/raw/https%3A%2F%2Fs3-ap-northeast-1.amazonaws.com%2Fpsh-ex-ftnikkei-3937bb4%2Fimages%2F0%2F5%2F5%2F5%2F25795550-3-eng-GB%2FCropped-1585137994RTS30DH5.jpg?source=nar-cms&width=1024&height=512&fit=cover&gravity=faces",
    "publishedAt": "2020-03-25T19:36:00Z",
    "content": "PALO ALTO/TAIPEI -- Apple is preparing the ground to possibly delay the launch of its first 5G iPhones as the coronavirus pandemic threatens global demand and disrupts the company's product development schedule, sources familiar with the matter have told the … [+4694 chars]"
  },
  {
    "source": {
      "id": null,
      "name": "Theconversation.com"
    },
    "author": "Lena Ciric",
    "title": "Coronavirus: household cleaning products can kill the virus – an expert on which ones to use - The Conversation UK",
    "description": "Here are the most effective cleaning solutions to keep your home free of coronavirus.",
    "url": "http://theconversation.com/coronavirus-household-cleaning-products-can-kill-the-virus-an-expert-on-which-ones-to-use-134301",
    "urlToImage": "https://images.theconversation.com/files/322616/original/file-20200324-155702-1bwybs2.jpg?ixlib=rb-1.1.0&rect=51%2C241%2C5760%2C2880&q=45&auto=format&w=1356&h=668&fit=crop",
    "publishedAt": "2020-03-25T16:06:00Z",
    "content": "COVID-19 has only been around for a few months, so at this point scientists dont know that much about it. But more is being learned every day. We now know, for example, it can live on surfaces for up to nine days and survives in the air for a few hours. We al… [+4240 chars]"
  }
]